ID,Label
0.jpg,62
1.jpg,43
2.jpg,38
3.jpg,62
4.jpg,42
5.jpg,89
6.jpg,3
7.jpg,43
8.jpg,72
9.jpg,66
10.jpg,79
11.jpg,90
12.jpg,98
13.jpg,52
14.jpg,35
15.jpg,5
16.jpg,92
17.jpg,90
18.jpg,6
19.jpg,27
20.jpg,76
21.jpg,6
22.jpg,74
23.jpg,87
24.jpg,32
25.jpg,99
26.jpg,72
27.jpg,20
28.jpg,39
29.jpg,33
30.jpg,53
31.jpg,32
32.jpg,44
33.jpg,83
34.jpg,23
35.jpg,24
36.jpg,71
37.jpg,91
38.jpg,51
39.jpg,94
40.jpg,77
41.jpg,73
42.jpg,1
43.jpg,5
44.jpg,89
45.jpg,96
46.jpg,97
47.jpg,67
48.jpg,24
49.jpg,1
50.jpg,83
51.jpg,6
52.jpg,41
53.jpg,81
54.jpg,31
55.jpg,16
56.jpg,97
57.jpg,54
58.jpg,73
59.jpg,42
60.jpg,41
61.jpg,81
62.jpg,58
63.jpg,85
64.jpg,41
65.jpg,8
66.jpg,43
67.jpg,11
68.jpg,91
69.jpg,59
70.jpg,73
71.jpg,68
72.jpg,1
73.jpg,6
74.jpg,69
75.jpg,46
76.jpg,22
77.jpg,47
78.jpg,66
79.jpg,0
80.jpg,49
81.jpg,43
82.jpg,88
83.jpg,20
84.jpg,87
85.jpg,97
86.jpg,93
87.jpg,48
88.jpg,75
89.jpg,8
90.jpg,44
91.jpg,34
92.jpg,42
93.jpg,0
94.jpg,42
95.jpg,24
96.jpg,23
97.jpg,61
98.jpg,87
99.jpg,14
100.jpg,48
101.jpg,52
102.jpg,95
103.jpg,44
104.jpg,0
105.jpg,20
106.jpg,62
107.jpg,0
108.jpg,72
109.jpg,87
110.jpg,67
111.jpg,23
112.jpg,31
113.jpg,70
114.jpg,53
115.jpg,54
116.jpg,1
117.jpg,51
118.jpg,22
119.jpg,32
120.jpg,66
121.jpg,67
122.jpg,24
123.jpg,64
124.jpg,65
125.jpg,82
126.jpg,67
127.jpg,41
128.jpg,22
129.jpg,59
130.jpg,88
131.jpg,32
132.jpg,45
133.jpg,97
134.jpg,92
135.jpg,45
136.jpg,84
137.jpg,87
138.jpg,40
139.jpg,83
140.jpg,56
141.jpg,94
142.jpg,22
143.jpg,76
144.jpg,75
145.jpg,85
146.jpg,20
147.jpg,75
148.jpg,35
149.jpg,35
150.jpg,7
151.jpg,61
152.jpg,68
153.jpg,14
154.jpg,93
155.jpg,39
156.jpg,76
157.jpg,66
158.jpg,55
159.jpg,4
160.jpg,2
161.jpg,53
162.jpg,1
163.jpg,46
164.jpg,54
165.jpg,87
166.jpg,13
167.jpg,31
168.jpg,26
169.jpg,67
170.jpg,89
171.jpg,13
172.jpg,55
173.jpg,69
174.jpg,6
175.jpg,62
176.jpg,62
177.jpg,8
178.jpg,21
179.jpg,93
180.jpg,78
181.jpg,99
182.jpg,63
183.jpg,23
184.jpg,95
185.jpg,0
186.jpg,36
187.jpg,41
188.jpg,79
189.jpg,59
190.jpg,35
191.jpg,98
192.jpg,37
193.jpg,26
194.jpg,83
195.jpg,32
196.jpg,75
197.jpg,53
198.jpg,47
199.jpg,67
200.jpg,93
201.jpg,26
202.jpg,38
203.jpg,86
204.jpg,83
205.jpg,75
206.jpg,53
207.jpg,0
208.jpg,7
209.jpg,7
210.jpg,55
211.jpg,54
212.jpg,75
213.jpg,1
214.jpg,38
215.jpg,18
216.jpg,23
217.jpg,1
218.jpg,52
219.jpg,34
220.jpg,60
221.jpg,21
222.jpg,49
223.jpg,11
224.jpg,67
225.jpg,81
226.jpg,27
227.jpg,37
228.jpg,20
229.jpg,84
230.jpg,83
231.jpg,88
232.jpg,91
233.jpg,84
234.jpg,8
235.jpg,99
236.jpg,2
237.jpg,47
238.jpg,81
239.jpg,54
240.jpg,9
241.jpg,23
242.jpg,11
243.jpg,67
244.jpg,33
245.jpg,2
246.jpg,87
247.jpg,94
248.jpg,8
249.jpg,81
250.jpg,54
251.jpg,38
252.jpg,4
253.jpg,72
254.jpg,85
255.jpg,62
256.jpg,63
257.jpg,10
258.jpg,17
259.jpg,33
260.jpg,83
261.jpg,47
262.jpg,76
263.jpg,91
264.jpg,43
265.jpg,75
266.jpg,53
267.jpg,32
268.jpg,73
269.jpg,4
270.jpg,5
271.jpg,99
272.jpg,75
273.jpg,9
274.jpg,83
275.jpg,35
276.jpg,62
277.jpg,4
278.jpg,24
279.jpg,46
280.jpg,95
281.jpg,22
282.jpg,81
283.jpg,72
284.jpg,44
285.jpg,78
286.jpg,51
287.jpg,85
288.jpg,79
289.jpg,31
290.jpg,38
291.jpg,47
292.jpg,99
293.jpg,32
294.jpg,65
295.jpg,76
296.jpg,95
297.jpg,34
298.jpg,34
299.jpg,15
300.jpg,52
301.jpg,40
302.jpg,72
303.jpg,33
304.jpg,84
305.jpg,45
306.jpg,81
307.jpg,48
308.jpg,87
309.jpg,20
310.jpg,22
311.jpg,21
312.jpg,56
313.jpg,96
314.jpg,62
315.jpg,72
316.jpg,51
317.jpg,76
318.jpg,15
319.jpg,16
320.jpg,31
321.jpg,43
322.jpg,38
323.jpg,87
324.jpg,27
325.jpg,27
326.jpg,72
327.jpg,66
328.jpg,35
329.jpg,83
330.jpg,52
331.jpg,48
332.jpg,62
333.jpg,49
334.jpg,36
335.jpg,13
336.jpg,55
337.jpg,76
338.jpg,46
339.jpg,78
340.jpg,75
341.jpg,30
342.jpg,34
343.jpg,79
344.jpg,73
345.jpg,92
346.jpg,84
347.jpg,35
348.jpg,39
349.jpg,46
350.jpg,99
351.jpg,44
352.jpg,3
353.jpg,16
354.jpg,8
355.jpg,49
356.jpg,62
357.jpg,62
358.jpg,16
359.jpg,6
360.jpg,62
361.jpg,42
362.jpg,16
363.jpg,44
364.jpg,18
365.jpg,23
366.jpg,99
367.jpg,59
368.jpg,35
369.jpg,30
370.jpg,94
371.jpg,10
372.jpg,41
373.jpg,12
374.jpg,55
375.jpg,46
376.jpg,71
377.jpg,56
378.jpg,59
379.jpg,50
380.jpg,51
381.jpg,69
382.jpg,59
383.jpg,55
384.jpg,48
385.jpg,73
386.jpg,92
387.jpg,11
388.jpg,59
389.jpg,85
390.jpg,64
391.jpg,18
392.jpg,52
393.jpg,76
394.jpg,32
395.jpg,45
396.jpg,38
397.jpg,82
398.jpg,4
399.jpg,22
400.jpg,96
401.jpg,2
402.jpg,62
403.jpg,17
404.jpg,27
405.jpg,76
406.jpg,1
407.jpg,15
408.jpg,36
409.jpg,87
410.jpg,9
411.jpg,40
412.jpg,23
413.jpg,70
414.jpg,1
415.jpg,85
416.jpg,99
417.jpg,60
418.jpg,14
419.jpg,97
420.jpg,51
421.jpg,52
422.jpg,68
423.jpg,81
424.jpg,59
425.jpg,97
426.jpg,21
427.jpg,85
428.jpg,8
429.jpg,60
430.jpg,15
431.jpg,65
432.jpg,65
433.jpg,4
434.jpg,34
435.jpg,25
436.jpg,3
437.jpg,67
438.jpg,22
439.jpg,77
440.jpg,71
441.jpg,53
442.jpg,20
443.jpg,79
444.jpg,81
445.jpg,70
446.jpg,87
447.jpg,75
448.jpg,49
449.jpg,70
450.jpg,32
451.jpg,67
452.jpg,7
453.jpg,30
454.jpg,47
455.jpg,81
456.jpg,65
457.jpg,52
458.jpg,57
459.jpg,39
460.jpg,60
461.jpg,73
462.jpg,93
463.jpg,52
464.jpg,85
465.jpg,38
466.jpg,10
467.jpg,76
468.jpg,49
469.jpg,93
470.jpg,99
471.jpg,8
472.jpg,61
473.jpg,72
474.jpg,35
475.jpg,44
476.jpg,0
477.jpg,60
478.jpg,13
479.jpg,22
480.jpg,49
481.jpg,21
482.jpg,57
483.jpg,49
484.jpg,61
485.jpg,91
486.jpg,21
487.jpg,79
488.jpg,87
489.jpg,52
490.jpg,73
491.jpg,65
492.jpg,81
493.jpg,70
494.jpg,84
495.jpg,30
496.jpg,77
497.jpg,97
498.jpg,68
499.jpg,48
500.jpg,97
501.jpg,52
502.jpg,62
503.jpg,21
504.jpg,38
505.jpg,89
506.jpg,8
507.jpg,17
508.jpg,36
509.jpg,13
510.jpg,63
511.jpg,18
512.jpg,53
513.jpg,62
514.jpg,79
515.jpg,65
516.jpg,16
517.jpg,20
518.jpg,34
519.jpg,49
520.jpg,99
521.jpg,24
522.jpg,17
523.jpg,2
524.jpg,76
525.jpg,76
526.jpg,7
527.jpg,71
528.jpg,62
529.jpg,71
530.jpg,13
531.jpg,14
532.jpg,98
533.jpg,84
534.jpg,56
535.jpg,23
536.jpg,69
537.jpg,91
538.jpg,26
539.jpg,18
540.jpg,56
541.jpg,87
542.jpg,10
543.jpg,99
544.jpg,43
545.jpg,33
546.jpg,1
547.jpg,15
548.jpg,8
549.jpg,44
550.jpg,33
551.jpg,20
552.jpg,75
553.jpg,95
554.jpg,43
555.jpg,84
556.jpg,41
557.jpg,79
558.jpg,78
559.jpg,43
560.jpg,37
561.jpg,40
562.jpg,31
563.jpg,11
564.jpg,54
565.jpg,45
566.jpg,91
567.jpg,31
568.jpg,32
569.jpg,76
570.jpg,15
571.jpg,4
572.jpg,48
573.jpg,18
574.jpg,90
575.jpg,8
576.jpg,65
577.jpg,76
578.jpg,26
579.jpg,66
580.jpg,89
581.jpg,42
582.jpg,3
583.jpg,87
584.jpg,45
585.jpg,2
586.jpg,34
587.jpg,45
588.jpg,39
589.jpg,70
590.jpg,13
591.jpg,68
592.jpg,40
593.jpg,40
594.jpg,70
595.jpg,23
596.jpg,95
597.jpg,5
598.jpg,76
599.jpg,49
600.jpg,79
601.jpg,94
602.jpg,18
603.jpg,60
604.jpg,88
605.jpg,99
606.jpg,76
607.jpg,33
608.jpg,83
609.jpg,86
610.jpg,78
611.jpg,81
612.jpg,67
613.jpg,47
614.jpg,70
615.jpg,71
616.jpg,5
617.jpg,85
618.jpg,76
619.jpg,13
620.jpg,48
621.jpg,45
622.jpg,31
623.jpg,82
624.jpg,82
625.jpg,90
626.jpg,70
627.jpg,40
628.jpg,63
629.jpg,7
630.jpg,51
631.jpg,93
632.jpg,34
633.jpg,47
634.jpg,23
635.jpg,96
636.jpg,99
637.jpg,84
638.jpg,25
639.jpg,63
640.jpg,9
641.jpg,31
642.jpg,24
643.jpg,77
644.jpg,18
645.jpg,46
646.jpg,53
647.jpg,3
648.jpg,68
649.jpg,36
650.jpg,83
651.jpg,33
652.jpg,48
653.jpg,83
654.jpg,91
655.jpg,95
656.jpg,20
657.jpg,94
658.jpg,66
659.jpg,18
660.jpg,96
661.jpg,34
662.jpg,15
663.jpg,45
664.jpg,76
665.jpg,25
666.jpg,31
667.jpg,21
668.jpg,28
669.jpg,38
670.jpg,11
671.jpg,15
672.jpg,23
673.jpg,22
674.jpg,30
675.jpg,47
676.jpg,69
677.jpg,20
678.jpg,1
679.jpg,70
680.jpg,3
681.jpg,1
682.jpg,34
683.jpg,75
684.jpg,61
685.jpg,78
686.jpg,89
687.jpg,10
688.jpg,81
689.jpg,64
690.jpg,30
691.jpg,33
692.jpg,60
693.jpg,89
694.jpg,37
695.jpg,22
696.jpg,81
697.jpg,75
698.jpg,16
699.jpg,97
700.jpg,19
701.jpg,35
702.jpg,48
703.jpg,22
704.jpg,64
705.jpg,49
706.jpg,62
707.jpg,55
708.jpg,83
709.jpg,94
710.jpg,40
711.jpg,46
712.jpg,62
713.jpg,39
714.jpg,37
715.jpg,91
716.jpg,72
717.jpg,35
718.jpg,62
719.jpg,84
720.jpg,75
721.jpg,36
722.jpg,26
723.jpg,76
724.jpg,54
725.jpg,21
726.jpg,93
727.jpg,74
728.jpg,76
729.jpg,10
730.jpg,57
731.jpg,26
732.jpg,21
733.jpg,92
734.jpg,54
735.jpg,93
736.jpg,44
737.jpg,75
738.jpg,55
739.jpg,20
740.jpg,52
741.jpg,69
742.jpg,62
743.jpg,99
744.jpg,67
745.jpg,32
746.jpg,82
747.jpg,84
748.jpg,87
749.jpg,75
750.jpg,40
751.jpg,74
752.jpg,73
753.jpg,6
754.jpg,91
755.jpg,28
756.jpg,9
757.jpg,35
758.jpg,81
759.jpg,0
760.jpg,26
761.jpg,65
762.jpg,56
763.jpg,82
764.jpg,17
765.jpg,66
766.jpg,78
767.jpg,4
768.jpg,52
769.jpg,95
770.jpg,91
771.jpg,52
772.jpg,15
773.jpg,61
774.jpg,24
775.jpg,99
776.jpg,23
777.jpg,6
778.jpg,54
779.jpg,67
780.jpg,67
781.jpg,24
782.jpg,40
783.jpg,62
784.jpg,11
785.jpg,13
786.jpg,91
787.jpg,32
788.jpg,79
789.jpg,79
790.jpg,58
791.jpg,35
792.jpg,61
793.jpg,53
794.jpg,76
795.jpg,14
796.jpg,45
797.jpg,0
798.jpg,95
799.jpg,51
800.jpg,6
801.jpg,30
802.jpg,36
803.jpg,19
804.jpg,0
805.jpg,34
806.jpg,42
807.jpg,38
808.jpg,6
809.jpg,82
810.jpg,65
811.jpg,23
812.jpg,16
813.jpg,69
814.jpg,23
815.jpg,72
816.jpg,13
817.jpg,17
818.jpg,60
819.jpg,94
820.jpg,91
821.jpg,5
822.jpg,32
823.jpg,55
824.jpg,70
825.jpg,96
826.jpg,33
827.jpg,17
828.jpg,74
829.jpg,37
830.jpg,49
831.jpg,65
832.jpg,17
833.jpg,52
834.jpg,52
835.jpg,24
836.jpg,93
837.jpg,87
838.jpg,49
839.jpg,12
840.jpg,79
841.jpg,57
842.jpg,34
843.jpg,34
844.jpg,24
845.jpg,18
846.jpg,65
847.jpg,60
848.jpg,26
849.jpg,81
850.jpg,26
851.jpg,60
852.jpg,60
853.jpg,50
854.jpg,14
855.jpg,76
856.jpg,87
857.jpg,36
858.jpg,26
859.jpg,1
860.jpg,65
861.jpg,72
862.jpg,48
863.jpg,97
864.jpg,21
865.jpg,81
866.jpg,18
867.jpg,41
868.jpg,10
869.jpg,89
870.jpg,60
871.jpg,42
872.jpg,42
873.jpg,89
874.jpg,91
875.jpg,69
876.jpg,99
877.jpg,11
878.jpg,1
879.jpg,10
880.jpg,10
881.jpg,61
882.jpg,13
883.jpg,52
884.jpg,17
885.jpg,97
886.jpg,35
887.jpg,93
888.jpg,35
889.jpg,85
890.jpg,83
891.jpg,67
892.jpg,12
893.jpg,67
894.jpg,1
895.jpg,55
896.jpg,60
897.jpg,81
898.jpg,65
899.jpg,1
900.jpg,5
901.jpg,52
902.jpg,83
903.jpg,13
904.jpg,27
905.jpg,49
906.jpg,4
907.jpg,52
908.jpg,79
909.jpg,22
910.jpg,43
911.jpg,73
912.jpg,81
913.jpg,27
914.jpg,39
915.jpg,53
916.jpg,45
917.jpg,76
918.jpg,87
919.jpg,72
920.jpg,5
921.jpg,95
922.jpg,40
923.jpg,15
924.jpg,39
925.jpg,53
926.jpg,40
927.jpg,99
928.jpg,63
929.jpg,23
930.jpg,9
931.jpg,77
932.jpg,78
933.jpg,20
934.jpg,42
935.jpg,14
936.jpg,10
937.jpg,32
938.jpg,76
939.jpg,6
940.jpg,35
941.jpg,71
942.jpg,51
943.jpg,53
944.jpg,1
945.jpg,97
946.jpg,73
947.jpg,34
948.jpg,93
949.jpg,0
950.jpg,92
951.jpg,95
952.jpg,48
953.jpg,14
954.jpg,94
955.jpg,41
956.jpg,6
957.jpg,62
958.jpg,7
959.jpg,68
960.jpg,85
961.jpg,46
962.jpg,98
963.jpg,15
964.jpg,46
965.jpg,59
966.jpg,35
967.jpg,81
968.jpg,11
969.jpg,28
970.jpg,73
971.jpg,52
972.jpg,99
973.jpg,56
974.jpg,43
975.jpg,2
976.jpg,81
977.jpg,91
978.jpg,68
979.jpg,42
980.jpg,87
981.jpg,44
982.jpg,93
983.jpg,56
984.jpg,49
985.jpg,30
986.jpg,59
987.jpg,31
988.jpg,62
989.jpg,28
990.jpg,30
991.jpg,60
992.jpg,24
993.jpg,55
994.jpg,66
995.jpg,68
996.jpg,62
997.jpg,91
998.jpg,85
999.jpg,60
1000.jpg,31
1001.jpg,77
1002.jpg,70
1003.jpg,53
1004.jpg,87
1005.jpg,66
1006.jpg,95
1007.jpg,30
1008.jpg,81
1009.jpg,77
1010.jpg,7
1011.jpg,81
1012.jpg,78
1013.jpg,76
1014.jpg,11
1015.jpg,36
1016.jpg,22
1017.jpg,49
1018.jpg,10
1019.jpg,17
1020.jpg,82
1021.jpg,82
1022.jpg,0
1023.jpg,75
1024.jpg,48
1025.jpg,35
1026.jpg,60
1027.jpg,87
1028.jpg,59
1029.jpg,37
1030.jpg,65
1031.jpg,31
1032.jpg,4
1033.jpg,18
1034.jpg,77
1035.jpg,59
